flight_id,flight_id_reduced
1166aa78cce1c3ef7bc246b3749eaee8.csv,flight_0
12fdaef5792eb79ae2685ffffc15efe1.csv,flight_1
135e97c93f39fed8ef95596ac27fcb41.csv,flight_2
142c58656bb4a84bebeef6456f454543.csv,flight_3
1458983def9bb5a89663afb7289d732c.csv,flight_4
145c157749929a3735da7d9fa4b5bbef.csv,flight_5
146dd4496e5ef2eba89aa55d9d4ace4c.csv,flight_6
15e2beff53171354e411a94d13ed87f6.csv,flight_7
15eb86afde34f1c6a1ef3ef33bb81982.csv,flight_8
1631c1efd7963737ecd73659ff6a166f.csv,flight_9
16511da1ff53d6ef55c5792994f42b34.csv,flight_10
166effefec8dd75bd764953ca8dcdbe9.csv,flight_11
18461753c895a63ef693c4114f4cf9cf.csv,flight_12
18774bd4dfef9453c263777a9aee56df.csv,flight_13
189a83ef12756e9b492d7646bb155427.csv,flight_14
18f374c63dcedb7e1f1c2248133ef5b5.csv,flight_15
1944716942b547f87618f3a47ddce4ef.csv,flight_16
19cd7a452efb262e11dcb264161c7972.csv,flight_17
19df64ae9a8cce2682bef85b77546214.csv,flight_18
1a6bd1826bbed87ef815498494d52745.csv,flight_19
1b8e1713d68dadef1683da1edc77d4d6.csv,flight_20
1cd2eef642818f9ddc3c92c6ab66a419.csv,flight_21
1cd65e48f8d35f96d741def4198774c6.csv,flight_22
1d5b24498718a6a49ef8d71ed5e65a13.csv,flight_23
1db3f28d815f2e2cceff91594a7d628a.csv,flight_24
1dfef9d7fd6f4e26b91396d151e6b3bd.csv,flight_25
1ecb47c1ddeffaaf5bad442f96974e87.csv,flight_26
1ef12c47121b9b66e7ee378ed6ba6a95.csv,flight_27
1f2494bffa52ba8c89ed24def8a64545.csv,flight_28
1f4a1bd38193d9dea9f88ed2571beff9.csv,flight_29
21838deddb12c59ef165868ce283b86d.csv,flight_30
21aecaefd9e5bd94e9d57332571b727a.csv,flight_31
21b5c2a247d9de924db8292937befa5a.csv,flight_32
21ef7536b9eca257b33a6c17fe1dbfb1.csv,flight_33
21fb9ce7a27cae11f84ef5ef87ebf454.csv,flight_34
22ba9a5a3c79cabcef3bff8db42959a3.csv,flight_35
24bfd17a76b33838b31bbb8bcef1281b.csv,flight_36
25527b85774eccd9d4de5acefbcc5dbe.csv,flight_37
262136efefc3926fe35c1b7df274af2c.csv,flight_38
26cf727fbcd158efae69ec529ad72587.csv,flight_39
26e5a5aef39471eb7d959cd1c2e83b6b.csv,flight_40
2731ef63da46ecbbd9a79dbddb6dea85.csv,flight_41
2769831e938477b9aba1636667eef5a7.csv,flight_42
28fdb85ea29e44cfefdde43b1c2acb98.csv,flight_43
2966154acec8baca78425a7aa43ef289.csv,flight_44
2a592466cb4ef7131c3a1533786b39ac.csv,flight_45
2a857c8925fdecf783165eefbcc765b5.csv,flight_46
2b14deabebef6357bdc1d22829df49b6.csv,flight_47
2bada7c118468eec6ef62d2f2dc24c65.csv,flight_48
2d4aca45c91a5478feefdb9e561ba421.csv,flight_49
2d577fee87def88aa29eb8e76451bb37.csv,flight_50
2dc8b24ed1e49ab5ef5f43c62498e3e7.csv,flight_51
2dee6659a635564d473991a62aef95dc.csv,flight_52
2defc9a31f78da9a22f4c25bf18b1c62.csv,flight_53
2e4327654a44997fca34be834ef6e81c.csv,flight_54
2e834b5ef3d24519576dd2a7c27519fe.csv,flight_55
2efc2ccc239192f7b4ea3afd1568b554.csv,flight_56
2f3c3ed3d3ca7effaf3c681763bc5764.csv,flight_57
2f72c5b262b9a46ef4d7f9b1bb8216f1.csv,flight_58
2f997c335e6f28b3734b427e7efe87ab.csv,flight_59
3299655e2d8eb129bc45fbefe1cac486.csv,flight_60
32f13b178fe91eef876cb85ae36796f6.csv,flight_61
338f1ff74d6d4d97addb6ba5d45baef6.csv,flight_62
33ba964426bb56eef742a44aac1919e7.csv,flight_63
33bcef1245fba9cdc845b5833313996f.csv,flight_64
346a8941353a76fb32aec6ef9f719e1f.csv,flight_65
347a5ef6bc24ee8c288a42c53d886989.csv,flight_66
3497cfb1a52ecef6633c73937a611fc3.csv,flight_67
36397ba8bd69d2273ebc847334c6ef14.csv,flight_68
374f66be542ef43ae94494c53de52997.csv,flight_69
37efcdaac9667889617cd5189e6ba5b8.csv,flight_70
3834c5e8a782fef19a2ee6fd6a3bf1d5.csv,flight_71
16ed5ffef834b3d8125b87793967fa6c.csv,flight_72
1d6bc691d1d13572ef544d9484fa9dab.csv,flight_73
23a68aa49dd5de6697cec9a4a8f7ef9f.csv,flight_74
2b8baa6ae15f9788cef115b9abf9f6c5.csv,flight_75
2fa659498476e28eff1f61ffe991918c.csv,flight_76
38b276c9c7aaa31ef65894fc48c34b81.csv,flight_77
43ad8befd2cdf7f7d6328323f7e411b6.csv,flight_78
3959b91da89a33e8d94a4ef871a546a2.csv,flight_79
3c4cc7f46eeff7ea6f293c51b3f52e7e.csv,flight_80
3c4effde731b8997dda917444c53edaa.csv,flight_81
3c74a26c36c98a3aef7f361eeb325b29.csv,flight_82
3da2352cba82ceff3e826cffdbc26348.csv,flight_83
3e9e7f26e3d28ef52f8493f57c3682d4.csv,flight_84
3efaff37a325daf5ce77d59f43f38394.csv,flight_85
3f2d845f94b53d482f8efa13fddcba6f.csv,flight_86
3fb7fc8832efa4a44c444478c842dedb.csv,flight_87
412fe4c5c5e53a7efc13dbe122da667e.csv,flight_88
41961efd5d83b78b46236b326cc2429a.csv,flight_89
42dc91efd9a2ccf7cb155d281efb8ee3.csv,flight_90
43e761be5efd62ab2977ec62497fa173.csv,flight_91
44ec864377d5a988f15a7962158a69ef.csv,flight_92
4553e45c2691b923e12bfe2a51cfefea.csv,flight_93
45b4efa675b78978da3d5f7382a67d64.csv,flight_94
45eff3828d292831dc36c5828aef5e94.csv,flight_95
471aa29a6b1a1cb763d1715a18cef5ea.csv,flight_96
47d2c6fa15ef3957c892c89a95bdcb4a.csv,flight_97
4a4e8939465ea9c1efc3b3712cd479ec.csv,flight_98
4b6a462a21adefc54b285a9592327dc5.csv,flight_99
4bdcaabf3caecd3c4e8619ef28f89a24.csv,flight_100
4c5d1431c94c86fcc89e772697b6befc.csv,flight_101
4c77659efcad7e9ace9b4f28768e7231.csv,flight_102
4d3616ad9a3c3ef157e5e5a1178cdb11.csv,flight_103
4d83118aa1a4a95fab781ef1bff4a26c.csv,flight_104
4dbefdf8e763ee388577db6aba9e21b1.csv,flight_105
4e4fb39969884f7efe19e1bacfb79433.csv,flight_106
4e5dbce5225f158799ea3cef6c1f5acd.csv,flight_107
4ef8483fb8d64b46b6bb81886e8cb6bc.csv,flight_108
4efe1a198ba8cf5951beaca3d2ebdee4.csv,flight_109
4f1412735ee11b25938638ef34e84383.csv,flight_110
4fef4e88e42ecf69c4f7ffd453ff979f.csv,flight_111
